"","X","club_name","city","wikipedia_url","location","gruendung","plaetze","mitglieder","plaetze_clean","mitglieder_clean","gruendung_clean","gruendung_day","gruendung_month","gruendung_year","gruendung_date_str","gruendung_date","club_age","WKR_NR","LAND_NR","LAND_NAME","WKR_NAME","wahlkreis_name","valid_votes","vote_cdu_2017","vote_csu_2017","vote_spd_2017","vote_linke_2017","vote_afd_2017","perc_cdu_2017","perc_spd_2017","perc_linke_2017","perc_afd_2017","OBJID","BEGINN","GF","NUTS_LEVEL","NUTS_CODE","NUTS_NAME","unemployment_rate","gdp_per_capita","geometry"
"1",1,"1. FC Heidenheim","Heidenheim","https://de.wikipedia.org/wiki/1.%20FC%20Heidenheim","1. FC Heidenheim , Heidenheim","1. Januar 2007(Abspaltung vom Heidenheimer SB)","15.000[3]","12.600 (Stand: 1. Juli 2025)[2]",15000,12600,"1. Januar 2007","1","01","2007","2007-01-1",2007-01-01,11,270,"08","Baden-Württemberg","Aalen – Heidenheim","Aalen  Heidenheim",127561,47945,0,24230,7315,16499,37.585939276111,18.9948338442,5.7345113318334,12.9342040278769,"DEBKGNU5000000B6",2021-10-04,9,2,"DE11","Stuttgart",3.525,51800,c(583842.120879357, 5391291.66728929)
"2",2,"1. FC Kaiserslautern","Kaiserslautern","https://de.wikipedia.org/wiki/1.%20FC%20Kaiserslautern","1. FC Kaiserslautern , Kaiserslautern","2. Juni 1900 (lt. Satzung)[2][A 1]bzw.1. März 1909 (lt. Satzung)[2][A 2]19. Juni 1946 (Wiedergründung)","49.327[4]","37.200 (Stand: 14. Juni 2025)[3]",49327,37200,"2. Juni 1900","2","06","1900","1900-06-2",1900-06-02,118,209,"07","Rheinland-Pfalz","Kaiserslautern","Kaiserslautern",115371,31672,0,33024,9838,17410,27.4523060387792,28.624177652963,8.52727288486708,15.0904473394527,"DEBKGNU5000000C0",2021-10-04,9,2,"DEB3","Rheinhessen-Pfalz",4.375,36900,c(405026.39127396, 5477106.3038482)
"3",3,"1. FC Köln","Köln","https://de.wikipedia.org/wiki/1.%20FC%20K%C3%B6ln","1. FC Köln , Köln","13. Februar 1948","50.000[2]","150.000 (Stand: 2. Mai 2025)[1]",50000,150000,"13. Februar 1948","13","02","1948","1948-02-13",1948-02-13,70,94,"05","Nordrhein-Westfalen","Köln II","Köln II",110238,27942,0,22473,13526,6212,25.3469765416644,20.3858923420236,12.2698162158239,5.63508046227254,"DEBKGNU5000000BU",2021-10-04,9,2,"DEA2","Köln",4.425,41700,c(352702.609845301, 5641625.3081232)
"4",4,"1. FC Lokomotive Leipzig","Leipzig","https://de.wikipedia.org/wiki/1.%20FC%20Lokomotive%20Leipzig","1. FC Lokomotive Leipzig , Leipzig","11. November 1893","15.600 (zurzeit auf 13.721 begrenzt)","3119 (1. März 2024)[1]",15600,3119,"11. November 1893","11","11","1893","1893-11-11",1893-11-11,125,153,"14","Sachsen","Leipzig II","Leipzig II",126343,26795,0,16328,28567,22375,21.2081397465629,12.9235493854032,22.6106709512992,17.7097266963742,"DEBKGNU5000000C4",2021-10-04,9,2,"DED5","Leipzig",5.45,32000,c(735035.763937579, 5693113.44062838)
"5",5,"1. FC Magdeburg","Magdeburg","https://de.wikipedia.org/wiki/1.%20FC%20Magdeburg","1. FC Magdeburg , Magdeburg","22. Dezember 1965","30.098","15.225 (Stand: 11. Juni 2025)[2]",30098,15225,"22. Dezember 1965","22","12","1965","1965-12-22",1965-12-22,53,69,"15","Sachsen-Anhalt","Magdeburg","Magdeburg",124865,33628,0,21413,23172,22383,26.9314860048853,17.1489208345013,18.5576422536339,17.9257598206063,"DEBKGNU5000000C5",2021-10-04,9,2,"DEE0","Sachsen-Anhalt",9.1,27300,c(680345.79712414, 5778679.83680004)
"6",6,"1. FC Nürnberg","Nürnberg","https://de.wikipedia.org/wiki/1.%20FC%20N%C3%BCrnberg","1. FC Nürnberg , Nürnberg","4. Mai 1900","50.000[3]","37.167 (Stand: 21. Juli 2025)[2]",50000,37167,"4. Mai 1900","4","05","1900","1900-05-4",1900-05-04,118,244,"09","Bayern","Nürnberg-Nord","Nürnberg-Nord",92300,23910,23910,17594,11748,10101,25.9046587215601,19.0617551462622,12.7280606717226,10.943661971831,"DEBKGNU5000000BE",2021-10-04,9,2,"DE25","Mittelfranken",2.8,44100,c(654411.007022087, 5478059.83111751)
"7",7,"1. FC Saarbrücken","Saarbrücken","https://de.wikipedia.org/wiki/1.%20FC%20Saarbr%C3%BCcken","1. FC Saarbrücken , Saarbrücken","18. April 1903","16.003","12.000 (Stand: 27. November 2024)[1]",16003,12000,"18. April 1903","18","04","1903","1903-04-18",1903-04-18,115,296,"10","Saarland","Saarbrücken","Saarbrücken",104075,27190,0,27534,16791,10963,26.1253903435023,26.4559212106654,16.133557530627,10.5337496997358,"DEBKGNU5000000C1",2021-10-04,9,2,"DEC0","Saarland",6.5,35500,c(352937.975641104, 5455153.72449502)
"8",8,"1. FC Schweinfurt 05","Schweinfurt","https://de.wikipedia.org/wiki/1.%20FC%20Schweinfurt%2005","1. FC Schweinfurt 05 , Schweinfurt","5. Mai 1905","15.060[3]","1550 (April 2019)[1]",15060,1550,"5. Mai 1905","5","05","1905","1905-05-5",1905-05-05,113,250,"09","Bayern","Schweinfurt","Schweinfurt",101823,40151,40151,17555,7494,13616,39.4321518713847,17.2407020024945,7.35983029374503,13.3722243500977,"DEBKGNU5000000BF",2021-10-04,9,2,"DE26","Unterfranken",2.05,40100,c(587488.3691234, 5545111.57144422)
"9",9,"1. FC Union Berlin","Berlin","https://de.wikipedia.org/wiki/1.%20FC%20Union%20Berlin","1. FC Union Berlin , Berlin","20. Januar 1966","22.012","70.111 (Stand: 30. Juni 2025)[1]",22012,70111,"20. Januar 1966","20","01","1966","1966-01-20",1966-01-20,52,84,"11","Berlin","Berlin-Treptow-Köpenick","Berlin-Treptow-Köpenick",107834,20861,0,16461,26554,20286,19.3454754530111,15.2651297364468,24.6248863994658,18.8122484559601,"DEBKGNU5000000BH",2021-10-04,9,2,"DE30","Berlin",9.45,39300,c(810149.789160093, 5821623.6604571)
"10",10,"1. FSV Mainz 05","Mainz","https://de.wikipedia.org/wiki/1.%20FSV%20Mainz%2005","1. FSV Mainz 05 , Mainz","16. März 1905","33.305","27.000 (Stand: 1. Juli 2025)[1]",33305,27000,"16. März 1905","16","03","1905","1905-03-16",1905-03-16,113,205,"07","Rheinland-Pfalz","Mainz","Mainz",124242,37527,0,28090,11600,11418,30.204761674796,22.6091015920542,9.33661724698572,9.1901289419037,"DEBKGNU5000000C0",2021-10-04,9,2,"DEB3","Rheinhessen-Pfalz",4.375,36900,c(445932.952342743, 5539000.1597035)
"11",11,"Alemannia Aachen","Aachen","https://de.wikipedia.org/wiki/Alemannia%20Aachen","Alemannia Aachen , Aachen","16. Dezember 1900","31.791","10.760 (Stand: 6. März 2025)[1]",31791,10760,"16. Dezember 1900","16","12","1900","1900-12-16",1900-12-16,118,87,"05","Nordrhein-Westfalen","Aachen I","Aachen I",87797,22216,0,23280,10033,6168,25.3038258710434,26.515712381972,11.4274975226944,7.02529699192455,"DEBKGNU5000000BU",2021-10-04,9,2,"DEA2","Köln",4.425,41700,c(292918.728810785, 5628853.87651468)
"12",12,"Altona 93","Hamburg","https://de.wikipedia.org/wiki/Altona%2093","Altona 93 , Hamburg","29. Juni 1893","8.000","2.000 (Stand: 2024)[1]",8000,2000,"29. Juni 1893","29","06","1893","1893-06-29",1893-06-29,125,19,"02","Hamburg","Hamburg-Altona","Hamburg-Altona",88975,19742,0,18973,15504,5488,22.1882551278449,21.3239674065749,17.4251194155662,6.16802472604664,"DEBKGNU5000000BK",2021-10-04,9,2,"DE60","Hamburg",5.475,64000,c(551479.382576394, 5937794.50134689)
"13",13,"BFC Dynamo","Berlin","https://de.wikipedia.org/wiki/BFC%20Dynamo","BFC Dynamo , Berlin","15. Januar 1966","4.500[2]","2148 (Stand: 30. Juni 2022)[1]",4500,2148,"15. Januar 1966","15","01","1966","1966-01-15",1966-01-15,52,86,"11","Berlin","Berlin-Lichtenberg","Berlin-Lichtenberg",104205,18439,0,15556,29855,19314,17.694928266398,14.9282663979655,28.6502567055324,18.5346192601123,"DEBKGNU5000000BH",2021-10-04,9,2,"DE30","Berlin",9.45,39300,c(803682.52211346, 5830546.71327376)
"14",14,"BSG Chemie Leipzig","Leipzig","https://de.wikipedia.org/wiki/BSG%20Chemie%20Leipzig%20(1997)","BSG Chemie Leipzig , Leipzig","16. Juli 1997","4999","2500 (Stand: 09. April 2025)[1]",4999,2500,"16. Juli 1997","16","07","1997","1997-07-16",1997-07-16,21,153,"14","Sachsen","Leipzig II","Leipzig II",126343,26795,0,16328,28567,22375,21.2081397465629,12.9235493854032,22.6106709512992,17.7097266963742,"DEBKGNU5000000C4",2021-10-04,9,2,"DED5","Leipzig",5.45,32000,c(735035.763937579, 5693113.44062838)
"15",15,"BV 09 Borussia Dortmund","Dortmund","https://de.wikipedia.org/wiki/Borussia%20Dortmund","BV 09 Borussia Dortmund , Dortmund","19. Dezember 1909","81.365","230.000(Stand: 1. Juli 2025)[1]",81365,230000,"19. Dezember 1909","19","12","1909","1909-12-19",1909-12-19,109,142,"05","Nordrhein-Westfalen","Dortmund I","Dortmund I",104734,23405,0,31912,11324,11522,22.3470888154754,30.4695705310596,10.8121526915806,11.0012030477209,"DEBKGNU5000000BX",2021-10-04,9,2,"DEA5","Arnsberg",5.675,33900,c(386805.068515165, 5705699.80861658)
"16",16,"Bayer 04 Leverkusen","Leverkusen","https://de.wikipedia.org/wiki/Bayer%2004%20Leverkusen","Bayer 04 Leverkusen , Leverkusen","1. Juli 1904(als Turn- und Spielverein der Farbenfabriken vorm. Friedrich Bayer & Co. in Leverkusen)[1]1. April 1999(als Bayer 04 Leverkusen Fußball GmbH)","30.210",NA,30210,NA,"1. Juli 1904","1","07","1904","1904-07-1",1904-07-01,114,101,"05","Nordrhein-Westfalen","Leverkusen – Köln IV","Leverkusen  Köln IV",103847,27161,0,28703,10379,11326,26.1548239236569,27.6397007135497,9.99451115583503,10.906429651314,"DEBKGNU5000000BU",2021-10-04,9,2,"DEA2","Köln",4.425,41700,c(359844.871067743, 5655995.81171258)
"17",17,"Bonner SC","Bonn","https://de.wikipedia.org/wiki/Bonner%20SC","Bonner SC , Bonn","18. Juni 1965","10.164","700 (Stand: 2017)",10164,700,"18. Juni 1965","18","06","1965","1965-06-18",1965-06-18,53,96,"05","Nordrhein-Westfalen","Bonn","Bonn",116157,31979,0,24430,12140,9565,27.5308418778033,21.0318792668543,10.4513718501683,8.23454462494727,"DEBKGNU5000000BU",2021-10-04,9,2,"DEA2","Köln",4.425,41700,c(362535.890738599, 5621570.64980876)
"18",18,"Chemnitzer FC","Chemnitz","https://de.wikipedia.org/wiki/Chemnitzer%20FC","Chemnitzer FC , Chemnitz","15. Januar 1966","15.000","2.529 (Stand: 31. Dezember 2023)[1]",15000,2529,"15. Januar 1966","15","01","1966","1966-01-15",1966-01-15,52,162,"14","Sachsen","Chemnitz","Chemnitz",109354,26014,0,12627,20433,28851,23.7887960202645,11.5469027196079,18.6851875560108,26.383122702416,"DEBKGNU5000000C3",2021-10-04,9,2,"DED4","Chemnitz",7.7,27800,c(771102.411570132, 5641604.87607402)
"19",19,"DSC Arminia Bielefeld","Bielefeld","https://de.wikipedia.org/wiki/Arminia%20Bielefeld","DSC Arminia Bielefeld , Bielefeld","3. Mai 1905(als 1. Bielefelder FC „Arminia“)","27.332[3]","27.000 (Stand: 8. Juli 2025)[1]",27332,27000,"3. Mai 1905","3","05","1905","1905-05-3",1905-05-03,113,132,"05","Nordrhein-Westfalen","Bielefeld – Gütersloh II","Bielefeld  Gütersloh II",129884,33667,0,33710,15258,13168,25.9208216562471,25.9539281204767,11.7474053771057,10.1382772319916,"DEBKGNU5000000BW",2021-10-04,9,2,"DEA4","Detmold",5.53333333333333,37000,c(467917.395059275, 5763691.60280295)
"20",20,"Eintracht Braunschweig","Braunschweig","https://de.wikipedia.org/wiki/Eintracht%20Braunschweig","Eintracht Braunschweig , Braunschweig","15. Dezember 1895","23.325","7557 (Stand:16. Juli 2025)[1]",23325,7557,"15. Dezember 1895","15","12","1895","1895-12-15",1895-12-15,123,50,"03","Niedersachsen","Braunschweig","Braunschweig",102902,28079,0,27970,10258,9523,27.2871275582593,27.1812015315543,9.96870809119356,9.25443625974228,"DEBKGNU5000000BP",2021-10-04,9,2,"DE91","Braunschweig",5.775,46500,c(603770.064133972, 5794395.01970313)
"21",21,"Eintracht Frankfurt","Frankfurt","https://de.wikipedia.org/wiki/Eintracht%20Frankfurt","Eintracht Frankfurt , Frankfurt","8. März 1899","58.000","155.000 (Stand: 1. Juli 2025)[3]",58000,155000,"8. März 1899","8","03","1899","1899-03-8",1899-03-08,119,182,"06","Hessen","Frankfurt am Main I","Frankfurt am Main I",101383,24628,0,22536,13098,10360,24.2920410719746,22.2285787558072,12.9193257252202,10.2186757148634,"DEBKGNU5000000BL",2021-10-04,9,2,"DE71","Darmstadt",4.45,50700,c(469556.681573627, 5550412.52091402)
"22",22,"FC Augsburg","Augsburg","https://de.wikipedia.org/wiki/FC%20Augsburg","FC Augsburg , Augsburg","8. August 1907","30.660","28.017 (Stand: 4. Juli 2025)[1]",30660,28017,"8. August 1907","8","08","1907","1907-08-8",1907-08-08,111,252,"09","Bayern","Augsburg-Stadt","Augsburg-Stadt",107892,33009,33009,17794,10206,16409,30.5944833722611,16.4924183442702,9.45945945945946,15.2087272457643,"DEBKGNU5000000BG",2021-10-04,9,2,"DE27","Schwaben",3.66666666666667,39000,c(643330.518444714, 5357259.53126355)
"23",23,"FC Bayern München","München","https://de.wikipedia.org/wiki/FC%20Bayern%20M%C3%BCnchen","FC Bayern München , München","27. Februar 1900","75.000[3]","400.000 (Stand: Februar 2025)[2]",75000,4e+05,"27. Februar 1900","27","02","1900","1900-02-27",1900-02-27,118,217,"09","Bayern","München-Nord","München-Nord",99118,26428,26428,17780,9156,9874,26.6631691519199,17.938215056801,9.23747452531326,9.96186363728082,"DEBKGNU5000000BA",2021-10-04,9,2,"DE21","Oberbayern",2.8,57900,c(692560.210335019, 5343244.48300326)
"24",24,"FC Carl Zeiss Jena","Jena","https://de.wikipedia.org/wiki/FC%20Carl%20Zeiss%20Jena","FC Carl Zeiss Jena , Jena","13. Mai 1903(Neugründung: 20. Januar 1966)","15.100","5.615 (Stand: 14. Dezember 2024)[1]",15100,5615,"13. Mai 1903","13","05","1903","1903-05-13",1903-05-13,115,191,"16","Thüringen","Jena – Sömmerda – Weimarer Land I","Jena  Sömmerda  Weimarer Land I",120981,32685,0,15089,21879,25823,27.0166389763682,12.4722063795141,18.0846579214918,21.3446739570676,"DEBKGNU5000000C7",2021-10-04,9,2,"DEG0","Thüringen",6.725,28400,c(681276.159262761, 5644996.17787221)
"25",25,"FC Energie Cottbus","Cottbus","https://de.wikipedia.org/wiki/Energie%20Cottbus","FC Energie Cottbus , Cottbus","31. Januar 1966","22.528","5.056 (Stand: 17. Mai 2025)[1]",22528,5056,"31. Januar 1966","31","01","1966","1966-01-31",1966-01-31,52,64,"12","Brandenburg","Cottbus – Spree-Neiße","Cottbus  Spree-Neiße",100759,23464,0,15200,16360,28802,23.2872497742137,15.0855010470529,16.2367629690648,28.5850395498169,"DEBKGNU5000000BI",2021-10-04,9,2,"DE40","Brandenburg",6.15,28300,c(868826.977711115, 5747077.5680384)
"26",26,"FC Erzgebirge Aue","Aue","https://de.wikipedia.org/wiki/FC%20Erzgebirge%20Aue","FC Erzgebirge Aue , Aue","4. März 1946","15.500","9428 (Stand: 28. März 2025)[1]",15500,9428,"4. März 1946","4","03","1946","1946-03-4",1946-03-04,72,164,"14","Sachsen","Erzgebirgskreis I","Erzgebirgskreis I",135670,41040,0,12822,18660,41325,30.2498710105403,9.45087344291295,13.7539618191199,30.4599395592246,"DEBKGNU5000000C3",2021-10-04,9,2,"DED4","Chemnitz",7.7,27800,c(762445.862611664, 5611681.20309411)
"27",27,"FC Hansa Rostock","Rostock","https://de.wikipedia.org/wiki/Hansa%20Rostock","FC Hansa Rostock , Rostock","28. Dezember 1965","29.000","29.182 (Stand: 4. März 2025)[1]",29000,29182,"28. Dezember 1965","28","12","1965","1965-12-28",1965-12-28,53,14,"13","Mecklenburg-Vorpommern","Rostock – Landkreis Rostock II","Rostock  Landkreis Rostock II",119154,35091,0,18916,24357,20612,29.4501233697568,15.875253873139,20.4416133742887,17.2986219514242,"DEBKGNU5000000BO",2021-10-04,9,2,"DE80","Mecklenburg-Vorpommern",8.56666666666667,27400,c(699520.987080658, 6000736.78240158)
"28",28,"FC Ingolstadt 04","Ingolstadt","https://de.wikipedia.org/wiki/FC%20Ingolstadt%2004","FC Ingolstadt 04 , Ingolstadt","5. Februar 2004","15.200","2300 (Stand: 1. Juli 2021)[1]",15200,2300,"5. Februar 2004","5","02","2004","2004-02-5",2004-02-05,14,216,"09","Bayern","Ingolstadt","Ingolstadt",115244,46735,46735,15591,6807,19097,40.5530873624657,13.5286869598417,5.90659817430842,16.5709277706432,"DEBKGNU5000000BA",2021-10-04,9,2,"DE21","Oberbayern",2.8,57900,c(678206.579835325, 5403948.76011481)
"29",29,"FC Rot-Weiss Erfurt","Erfurt","https://de.wikipedia.org/wiki/FC%20Rot-Wei%C3%9F%20Erfurt","FC Rot-Weiss Erfurt , Erfurt","26. Januar 1966","18.599[2][3]","2520 (Stand: 24. Juli 2024)[1]",18599,2520,"26. Januar 1966","26","01","1966","1966-01-26",1966-01-26,52,193,"16","Thüringen","Erfurt – Weimar – Weimarer Land II","Erfurt  Weimar  Weimarer Land II",124067,30560,0,17473,23644,24954,24.6318521444058,14.0835193887174,19.0574447677465,20.1133258642508,"DEBKGNU5000000C7",2021-10-04,9,2,"DEG0","Thüringen",6.725,28400,c(642417.409225543, 5649315.10356001)
"30",30,"FC Schalke 04","Gelsenkirchen","https://de.wikipedia.org/wiki/FC%20Schalke%2004","FC Schalke 04 , Gelsenkirchen","4. Mai 1904 (als Westfalia Schalke)","62.271","194.000 (Stand: 11. Juli 2025)[2]",62271,194000,"4. Mai 1904","4","05","1904","1904-05-4",1904-05-04,114,123,"05","Nordrhein-Westfalen","Gelsenkirchen","Gelsenkirchen",86024,17367,0,28842,6637,16043,20.1885520319911,33.5278526922719,7.71528875662606,18.6494466660467,"DEBKGNU5000000BV",2021-10-04,9,2,"DEA3","Münster",4.675,32700,c(365756.018154477, 5713663.82430051)
"31",31,"FC St. Pauli","Hamburg","https://de.wikipedia.org/wiki/FC%20St.%20Pauli","FC St. Pauli , Hamburg","15. Mai 1910 (St. Pauli TV)","29.546","52.357 (Stand: 1. Juli 2025)[1]",29546,52357,"15. Mai 1910","15","05","1910","1910-05-15",1910-05-15,108,18,"02","Hamburg","Hamburg-Mitte","Hamburg-Mitte",113020,24256,0,28001,18320,10075,21.4616881967793,24.7752610157494,16.2095204388604,8.91435144222262,"DEBKGNU5000000BK",2021-10-04,9,2,"DE60","Hamburg",5.475,64000,c(564195.893487912, 5934410.22116656)
"32",32,"FC Viktoria Köln","Köln","https://de.wikipedia.org/wiki/Viktoria%20K%C3%B6ln","FC Viktoria Köln , Köln","22. Juni 2010","8.343[2]","623 (1. Juli 2019)[1]",8343,623,"22. Juni 2010","22","06","2010","2010-06-22",2010-06-22,8,93,"05","Nordrhein-Westfalen","Köln I","Köln I",84217,19975,0,20928,10375,8532,23.7184891411473,24.8500896493582,12.3193654487811,10.1309711815904,"DEBKGNU5000000BU",2021-10-04,9,2,"DEA2","Köln",4.425,41700,c(361470.17007987, 5640859.07110338)
"33",33,"FSV Frankfurt","Frankfurt","https://de.wikipedia.org/wiki/FSV%20Frankfurt","FSV Frankfurt , Frankfurt","20. August 1899","12.542","2.461 (1. Juli 2015)[1]",12542,2461,"20. August 1899","20","08","1899","1899-08-20",1899-08-20,119,183,"06","Hessen","Frankfurt am Main II","Frankfurt am Main II",117968,29741,0,24354,15064,10242,25.2110741896107,20.6445815814458,12.7695646276956,8.68201546182016,"DEBKGNU5000000BL",2021-10-04,9,2,"DE71","Darmstadt",4.45,50700,c(480214.412164021, 5552902.6143229)
"34",34,"FSV Zwickau","Zwickau","https://de.wikipedia.org/wiki/FSV%20Zwickau","FSV Zwickau , Zwickau","1912/1990","10.134","2.883 (Stand: 1. Juli 2025)[1]",10134,2883,"1912/1990","19","01","1912","1912-01-19",1912-01-19,106,165,"14","Sachsen","Zwickau","Zwickau",120790,35600,0,13073,19654,33359,29.472638463449,10.8229158042884,16.271214504512,27.6173524298369,"DEBKGNU5000000C3",2021-10-04,9,2,"DED4","Chemnitz",7.7,27800,c(748301.888930499, 5625545.2220191)
"35",35,"Fortuna 95 Düsseldorf","Düsseldorf","https://de.wikipedia.org/wiki/Fortuna%20D%C3%BCsseldorf","Fortuna 95 Düsseldorf , Düsseldorf","5. Mai 1895","54.600","36.000 (Stand: 1. Juli 2025)[1]",54600,36000,"5. Mai 1895","5","05","1895","1895-05-5",1895-05-05,123,106,"05","Nordrhein-Westfalen","Düsseldorf I","Düsseldorf I",112646,33314,0,23299,10818,8881,29.5740638815404,20.6833797915594,9.60353674342631,7.88399055448041,"DEBKGNU5000000BT",2021-10-04,9,2,"DEA1","Düsseldorf",5.175,40400,c(348378.716238813, 5677141.74345563)
"36",36,"Fortuna Köln","Köln","https://de.wikipedia.org/wiki/SC%20Fortuna%20K%C3%B6ln","Fortuna Köln , Köln","21. Februar 1948","11.748[2]","1200 (1. Juli 2017)[1]",11748,1200,"21. Februar 1948","21","02","1948","1948-02-21",1948-02-21,70,94,"05","Nordrhein-Westfalen","Köln II","Köln II",110238,27942,0,22473,13526,6212,25.3469765416644,20.3858923420236,12.2698162158239,5.63508046227254,"DEBKGNU5000000BU",2021-10-04,9,2,"DEA2","Köln",4.425,41700,c(355298.567973024, 5641941.76596732)
"37",37,"Hallescher FC","Halle","https://de.wikipedia.org/wiki/Hallescher%20FC","Hallescher FC , Halle","26. Januar 1966","15.057","3.374 (Stand: 2. Juni 2025)[1]",15057,3374,"26. Januar 1966","26","01","1966","1966-01-26",1966-01-26,52,72,"15","Sachsen-Anhalt","Halle","Halle",115351,29753,0,16126,21635,22834,25.7934478244662,13.9799394890378,18.7557975223448,19.7952336780782,"DEBKGNU5000000C5",2021-10-04,9,2,"DEE0","Sachsen-Anhalt",9.1,27300,c(705741.661239316, 5705749.04333726)
"38",38,"Hamburger SV","Hamburg","https://de.wikipedia.org/wiki/Hamburger%20SV","Hamburger SV , Hamburg","29. September 1887 (SC Germania von 1887)2. Juni 1919 (Zusammenschluss)","57.000","126.995 (Stand: 21. Juni 2025)[1]",57000,126995,"29. September 1887","29","09","1887","1887-09-29",1887-09-29,131,18,"02","Hamburg","Hamburg-Mitte","Hamburg-Mitte",113020,24256,0,28001,18320,10075,21.4616881967793,24.7752610157494,16.2095204388604,8.91435144222262,"DEBKGNU5000000BK",2021-10-04,9,2,"DE60","Hamburg",5.475,64000,c(566296.251301015, 5933959.96470834)
"39",39,"Hannover 96","Hannover","https://de.wikipedia.org/wiki/Hannover%2096","Hannover 96 , Hannover","12. April 1896","49.000","23.000 (Stand: 1. Oktober 2024)",49000,23000,"12. April 1896","12","04","1896","1896-04-12",1896-04-12,122,41,"03","Niedersachsen","Stadt Hannover I","Stadt Hannover I",99899,25604,0,28084,9954,10086,25.6298861850469,28.1123935174526,9.96406370434138,10.0961971591307,"DEBKGNU5000000BQ",2021-10-04,9,2,"DE92","Hannover",5.475,37400,c(552601.574940548, 5803211.38344765)
"40",40,"Hertha BSC","Berlin","https://de.wikipedia.org/wiki/Hertha%20BSC","Hertha BSC , Berlin","25. Juli 1892","74.475","59.217 (Stand: 25. Mai 2025)[1]",74475,59217,"25. Juli 1892","25","07","1892","1892-07-25",1892-07-25,126,75,"11","Berlin","Berlin-Mitte","Berlin-Mitte",98753,17095,0,18354,22109,9001,17.3108665053214,18.5857644831043,22.3881806122346,9.11465980780331,"DEBKGNU5000000BH",2021-10-04,9,2,"DE30","Berlin",9.45,39300,c(797247.211289146, 5826818.05044834)
"41",41,"Holstein Kiel","Kiel","https://de.wikipedia.org/wiki/Holstein%20Kiel","Holstein Kiel , Kiel","7. Oktober 1900 (KFV von 1900)2. Mai 1902 (FC Holstein Kiel)7. Juni 1917 (Fusion zur KSV Holstein)","15.034 Plätze[2]","11.565 (Stand: 14. Juli 2025)[1]",15034,11565,"7. Oktober 1900","7","10","1900","1900-10-7",1900-10-07,118,5,"01","Schleswig-Holstein","Kiel","Kiel",111358,28234,0,27593,11919,8477,25.3542628279962,24.778641857792,10.7033172291169,7.61238527990804,"DEBKGNU5000000C6",2021-10-04,9,2,"DEF0","Schleswig-Holstein",4.475,32100,c(574319.095243215, 6020895.34153846)
"42",42,"KFC Uerdingen 05","Uerdingen","https://de.wikipedia.org/wiki/KFC%20Uerdingen%2005","KFC Uerdingen 05 , Uerdingen","17. November 1905","derzeit 10.900","1.044 (Stand: 31. Dezember 2021)[1]",10900,1044,"17. November 1905","17","11","1905","1905-11-17",1905-11-17,113,110,"05","Nordrhein-Westfalen","Krefeld I – Neuss II","Krefeld I  Neuss II",108274,36236,0,24852,7604,9415,33.466944972939,22.9528788074699,7.02292332415908,8.69553170659623,"DEBKGNU5000000BT",2021-10-04,9,2,"DEA1","Düsseldorf",5.175,40400,c(336349.841298338, 5692077.65607983)
"43",43,"KSV Hessen Kassel","Kassel","https://de.wikipedia.org/wiki/KSV%20Hessen%20Kassel","KSV Hessen Kassel , Kassel","3. Februar 1998 (Neugründung)23. November 1947 (Erstgründung)","18.737[2]",NA,18737,1360,"3. Februar 1998","3","02","1998","1998-02-3",1998-02-03,20,168,"06","Hessen","Kassel","Kassel",119733,28565,0,34081,14149,13865,23.8572490457936,28.4641661029123,11.8171264396616,11.5799320154009,"DEBKGNU5000000BN",2021-10-04,9,2,"DE73","Kassel",3.66666666666667,35900,c(533798.260757066, 5682797.28206929)
"44",44,"Karlsruher SC","Karlsruhe","https://de.wikipedia.org/wiki/Karlsruher%20SC","Karlsruher SC , Karlsruhe","6. Juni 1894 als Karlsruher FC Phönix16. Oktober 1952 Fusion mit VfB Mühlburg zum KSC[1]","32.190 Plätze","20.000 (Stand: 1. Juli 2025)[2]",32190,20000,"6. Juni 1894 als Karlsruher FC Phönix16. Oktober 1952 Fusion mit VfB Mühlburg zum KSC[1]","6","06","1894","1894-06-6",1894-06-06,124,271,"08","Baden-Württemberg","Karlsruhe-Stadt","Karlsruhe-Stadt",108478,28402,0,18898,11218,12681,26.1822673721861,17.421043898302,10.3412673537491,11.6899279116503,"DEBKGNU5000000B7",2021-10-04,9,2,"DE12","Karlsruhe",3.85,43500,c(457034.649499599, 5429803.61159282)
"45",45,"Kickers Offenbach","Offenbach","https://de.wikipedia.org/wiki/Kickers%20Offenbach","Kickers Offenbach , Offenbach","27. Mai 1901","20.500","2845 (Stand: 1. August 2021)[1]",20500,2845,"27. Mai 1901","27","05","1901","1901-05-27",1901-05-27,117,185,"06","Hessen","Offenbach","Offenbach",118270,34281,0,26098,11182,14739,28.9853724528621,22.0664581043375,9.45463769341338,12.4621628477213,"DEBKGNU5000000BL",2021-10-04,9,2,"DE71","Darmstadt",4.45,50700,c(483225.700165584, 5550063.90495986)
"46",46,"MSV Duisburg","Duisburg","https://de.wikipedia.org/wiki/MSV%20Duisburg","MSV Duisburg , Duisburg","2. Juni 1902","31.418","10.463 (Stand: 1. Juli 2025)[2]",31418,10463,"2. Juni 1902","2","06","1902","1902-06-2",1902-06-02,116,115,"05","Nordrhein-Westfalen","Duisburg I","Duisburg I",89872,21686,0,28825,8203,10991,24.1298735980061,32.0733932704291,9.12742567206694,12.2296154530888,"DEBKGNU5000000BT",2021-10-04,9,2,"DEA1","Düsseldorf",5.175,40400,c(345508.739648363, 5697663.37167398)
"47",47,"RasenBallsport Leipzig","Leipzig","https://de.wikipedia.org/wiki/RB%20Leipzig","RasenBallsport Leipzig , Leipzig","19. Mai 2009","47.069","rund 1.100 (März 2024)(davon 23 stimmberechtigte Mitglieder)",47069,1100,"19. Mai 2009","19","05","2009","2009-05-19",2009-05-19,9,152,"14","Sachsen","Leipzig I","Leipzig I",121573,27689,0,15640,23214,27705,22.7756162963816,12.8646985761641,19.0947003035213,22.7887771133393,"DEBKGNU5000000C4",2021-10-04,9,2,"DED5","Leipzig",5.45,32000,c(732620.378683386, 5693413.2112532)
"48",48,"Rot-Weiss Essen","Essen","https://de.wikipedia.org/wiki/Rot-Weiss%20Essen","Rot-Weiss Essen , Essen","1. Februar 1907 (als SV Vogelheim)","20.100","13.239 (Stand: 1. Mai 2025)[2]",20100,13239,"1. Februar 1907","1","02","1907","1907-02-1",1907-02-01,111,119,"05","Nordrhein-Westfalen","Essen II","Essen II",78236,16811,0,25158,7288,12725,21.4875504882663,32.1565519709597,9.31540467304054,16.2648908430901,"DEBKGNU5000000BT",2021-10-04,9,2,"DEA1","Düsseldorf",5.175,40400,c(366930.870050404, 5701447.40670954)
"49",49,"Rot-Weiss Oberhausen","Oberhausen","https://de.wikipedia.org/wiki/Rot-Wei%C3%9F%20Oberhausen","Rot-Weiss Oberhausen , Oberhausen","18. Dezember 1904","17.165[2]","1940 (Stand: Ende März 2025)[1]",17165,1940,"18. Dezember 1904","18","12","1904","1904-12-18",1904-12-18,114,117,"05","Nordrhein-Westfalen","Oberhausen – Wesel III","Oberhausen  Wesel III",108336,26402,0,35916,9500,14764,24.3704770344115,33.1524147097918,8.7690149165559,13.6279722345296,"DEBKGNU5000000BT",2021-10-04,9,2,"DEA1","Düsseldorf",5.175,40400,c(350853.294784907, 5706949.25503407)
"50",50,"SC Freiburg","Freiburg","https://de.wikipedia.org/wiki/SC%20Freiburg","SC Freiburg , Freiburg","1904[1]","34.700","75.000 (Stand: 1. Juli 2025)[2]",34700,75000,"1904[1]","19","01","1904","1904-01-19",1904-01-19,114,281,"08","Baden-Württemberg","Freiburg","Freiburg",119108,32289,0,21946,13922,10382,27.1090103099708,18.425294690533,11.6885515666454,8.71645901198912,"DEBKGNU5000000B8",2021-10-04,9,2,"DE13","Freiburg",3.45,37500,c(417354.552185286, 5315696.4186064)
"51",51,"SC Paderborn 07","Paderborn","https://de.wikipedia.org/wiki/SC%20Paderborn%2007","SC Paderborn 07 , Paderborn","1907 (erster Vorgängerverein)1985 (durch Fusion)","15.000","9.507 (Stand: 1. Juli 2025)[1]",15000,9507,"1907","19","01","1907","1907-01-19",1907-01-19,111,137,"05","Nordrhein-Westfalen","Paderborn – Gütersloh III","Paderborn  Gütersloh III",132649,52237,0,25492,9343,14928,39.379867168241,19.217634509118,7.04340025179232,11.2537599228038,"DEBKGNU5000000BW",2021-10-04,9,2,"DEA4","Detmold",5.53333333333333,37000,c(480595.101574101, 5730576.30304917)
"52",52,"SC Preussen Münster","Münster","https://de.wikipedia.org/wiki/Preu%C3%9Fen%20M%C3%BCnster","SC Preussen Münster , Münster","30. April 1906(als FC Preußen 1906)","12.422 (im Umbau)[2]","13.000 (Stand: 10. Juni 2025)[1]",12422,13000,"30. April 1906","30","04","1906","1906-04-30",1906-04-30,112,129,"05","Nordrhein-Westfalen","Münster","Münster",107667,32037,0,23499,12301,6359,29.7556354314693,21.8256290228204,11.4250420277337,5.90617366509701,"DEBKGNU5000000BV",2021-10-04,9,2,"DEA3","Münster",4.675,32700,c(405491.792164059, 5754261.21918927)
"53",53,"SG Dynamo Dresden","Dresden","https://de.wikipedia.org/wiki/Dynamo%20Dresden","SG Dynamo Dresden , Dresden","12. April 1953","32.249[3]","34.146 (Stand: 30. Juni 2025)[2]",32249,34146,"12. April 1953","12","04","1953","1953-04-12",1953-04-12,65,159,"14","Sachsen","Dresden I","Dresden I",126895,28968,0,13219,21670,32814,22.8283226289452,10.417274124276,17.0771109972812,25.8591749083888,"DEBKGNU5000000C2",2021-10-04,9,2,"DED2","Dresden",6.825,30300,c(832468.897712483, 5664567.68967277)
"54",54,"SG Sonnenhof Grossaspach","Grossaspach","https://de.wikipedia.org/wiki/SG%20Sonnenhof%20Gro%C3%9Faspach","SG Sonnenhof Grossaspach , Grossaspach","25. August 1994","10.001","864 (10. August 2017)[1]",10001,864,"25. August 1994","25","08","1994","1994-08-25",1994-08-25,24,269,"08","Baden-Württemberg","Backnang – Schwäbisch Gmünd","Backnang  Schwäbisch Gmünd",101323,34861,0,17008,6171,15408,34.405811118897,16.7859222486504,6.09042369452148,15.2068138527284,"DEBKGNU5000000B6",2021-10-04,9,2,"DE11","Stuttgart",3.525,51800,c(528808.308084481, 5425331.30312594)
"55",55,"SSV Jahn 2000 Regensburg","Regensburg","https://de.wikipedia.org/wiki/SSV%20Jahn%20Regensburg","SSV Jahn 2000 Regensburg , Regensburg","4. Oktober 1907(Fußballabteilung des TB Jahn Regensburg)26. Mai 2000(Abspaltung der Fußballabteilung)[1]","15.210","5000 (Stand: Februar 2024)[2]",15210,5000,"4. Oktober 1907","4","10","1907","1907-10-4",1907-10-04,111,233,"09","Bayern","Regensburg","Regensburg",122438,44629,44629,18411,8954,17518,36.4502850422255,15.0369983175158,7.3130890736536,14.3076495859129,"DEBKGNU5000000BC",2023-12-06,9,2,"DE23","Oberpfalz",2.05,41900,c(727373.427833221, 5431073.76846062)
"56",56,"SV 1916 Sandhausen","Sandhausen","https://de.wikipedia.org/wiki/SV%20Sandhausen","SV 1916 Sandhausen , Sandhausen","1. August 1916","15.414","950 (10. Juni 2021)[1]",15414,950,"1. August 1916","1","08","1916","1916-08-1",1916-08-01,102,277,"08","Baden-Württemberg","Rhein-Neckar","Rhein-Neckar",114790,37163,0,21559,7620,16303,32.3747713215437,18.7812527223626,6.63820890321457,14.2024566599878,"DEBKGNU5000000B7",2021-10-04,9,2,"DE12","Karlsruhe",3.85,43500,c(474497.954543163, 5464465.83087477)
"57",57,"SV Babelsberg 03","Potsdam","https://de.wikipedia.org/wiki/SV%20Babelsberg%2003","SV Babelsberg 03 , Potsdam","1. Oktober 1903 / 10. Dezember 1991","10.787","1.350 (Stand: Februar 2023)[1]",10787,1350,"1. Oktober 1903 / 10. Dezember 1991","1","10","1903","1903-10-1",1903-10-01,115,61,"12","Brandenburg","Potsdam – Potsdam-Mittelmark II – Teltow-Fläming II","Potsdam  Potsdam-Mittelmark II  Teltow-Fläming II",140103,33596,0,25842,25686,20524,23.9795007958431,18.445001177705,18.333654525599,14.6492223578367,"DEBKGNU5000000BI",2021-10-04,9,2,"DE40","Brandenburg",6.15,28300,c(776106.825015557, 5813387.1325835)
"58",58,"SV Darmstadt 98","Darmstadt","https://de.wikipedia.org/wiki/SV%20Darmstadt%2098","SV Darmstadt 98 , Darmstadt","22. Mai 1898","17.810[2]","15.000 (Stand: Dezember 2024)[1]",17810,15000,"22. Mai 1898","22","05","1898","1898-05-22",1898-05-22,120,186,"06","Hessen","Darmstadt","Darmstadt",136761,35874,0,31098,14789,14449,26.2311623927874,22.7389387325334,10.8137553834792,10.5651464964427,"DEBKGNU5000000BL",2021-10-04,9,2,"DE71","Darmstadt",4.45,50700,c(476554.346636078, 5525916.45187602)
"59",59,"SV Meppen","Meppen","https://de.wikipedia.org/wiki/SV%20Meppen","SV Meppen , Meppen","29. November 1912(als Fußballclub Amisia Meppen)","13.241[1]","2050 (Stand: 28. November 2023)[2]",13241,2050,"29. November 1912","29","11","1912","1912-11-29",1912-11-29,106,31,"03","Niedersachsen","Mittelems","Mittelems",149907,73906,0,35738,6865,8354,49.3012334313941,23.8401142041399,4.57950596036209,5.57278846217988,"DEBKGNU5000000BS",2021-10-04,9,2,"DE94","Weser-Ems",4.16666666666667,34800,c(387831.088771932, 5839766.08715573)
"60",60,"SV Waldhof Mannheim","Mannheim","https://de.wikipedia.org/wiki/SV%20Waldhof%20Mannheim","SV Waldhof Mannheim , Mannheim","11. April 1907","24.302","2463 (13. September 2020)[2]",24302,2463,"11. April 1907","11","04","1907","1907-04-11",1907-04-11,111,275,"08","Baden-Württemberg","Mannheim","Mannheim",97459,24502,0,21184,9597,14008,25.1408284509383,21.7363198883633,9.84721780441006,14.3732236119804,"DEBKGNU5000000B7",2021-10-04,9,2,"DE12","Karlsruhe",3.85,43500,c(462830.402094724, 5486752.86701066)
"61",61,"SV Wehen 1926 Wiesbaden","Wehen","https://de.wikipedia.org/wiki/SV%20Wehen%20Wiesbaden","SV Wehen 1926 Wiesbaden , Wehen","1. Januar 1926(als SV Wehen 1926)","12.500","657 (1. Juli 2023)[1]",12500,657,"1. Januar 1926","1","01","1926","1926-01-1",1926-01-01,92,178,"06","Hessen","Rheingau-Taunus – Limburg","Rheingau-Taunus  Limburg",118924,38763,0,25311,8380,15114,32.5947664054354,21.2833406209007,7.04651710336013,12.708956980929,"DEBKGNU5000000BL",2021-10-04,9,2,"DE71","Darmstadt",4.45,50700,c(441676.537845013, 5555887.58801063)
"62",62,"SpVgg Greuther Fürth","Fürth","https://de.wikipedia.org/wiki/SpVgg%20Greuther%20F%C3%BCrth","SpVgg Greuther Fürth , Fürth","23. September 1903(als SpVgg Fürth)","16.626","2628 (Stand: November 2022)[1]",16626,2628,"23. September 1903","23","09","1903","1903-09-23",1903-09-23,115,243,"09","Bayern","Fürth","Fürth",134006,45276,45276,25645,11344,16657,33.7865468710356,19.1372028118144,8.46529259883886,12.4300404459502,"DEBKGNU5000000BE",2021-10-04,9,2,"DE25","Mittelfranken",2.8,44100,c(644511.520522245, 5485043.90432246)
"63",63,"SpVgg Unterhaching","Unterhaching","https://de.wikipedia.org/wiki/SpVgg%20Unterhaching","SpVgg Unterhaching , Unterhaching","1. Januar 1925","15.053","1000 (3. August 2018)[1]",15053,1000,"1. Januar 1925","1","01","1925","1925-01-1",1925-01-01,93,221,"09","Bayern","München-Land","München-Land",117592,41957,41957,17245,6561,11946,35.6801483094088,14.6651132730118,5.57946118783591,10.1588543438329,"DEBKGNU5000000BA",2021-10-04,9,2,"DE21","Oberbayern",2.8,57900,c(694454.56472216, 5326957.07181835)
"64",64,"Sportfreunde Lotte","Lotte","https://de.wikipedia.org/wiki/Sportfreunde%20Lotte","Sportfreunde Lotte , Lotte","1929","10.059","1200 (Stand 2020)",10059,1200,"1929","19","01","1929","1929-01-19",1929-01-19,89,128,"05","Nordrhein-Westfalen","Steinfurt III","Steinfurt III",115766,42028,0,33003,7791,8607,36.304268956343,28.5083703332585,6.72995525456524,7.43482542369953,"DEBKGNU5000000BV",2021-10-04,9,2,"DEA3","Münster",4.675,32700,c(426278.288078523, 5791779.87380193)
"65",65,"Stuttgarter Kickers","Stuttgart","https://de.wikipedia.org/wiki/Stuttgarter%20Kickers","Stuttgarter Kickers , Stuttgart","21. September 1899","11.408","3.572 (Stand: 18. November 2024)",11408,3572,"21. September 1899","21","09","1899","1899-09-21",1899-09-21,119,258,"08","Baden-Württemberg","Stuttgart I","Stuttgart I",98953,26593,0,15509,10059,7948,26.8743747031419,15.673097329035,10.1654320738128,8.0320960455974,"DEBKGNU5000000B6",2021-10-04,9,2,"DE11","Stuttgart",3.525,51800,c(513634.838155426, 5399451.38548077)
"66",66,"TSG 1899 Hoffenheim","Hoffenheim","https://de.wikipedia.org/wiki/TSG%201899%20Hoffenheim","TSG 1899 Hoffenheim , Hoffenheim","1. Juli 1899 (als TV Hoffenheim)1920 (als FV Hoffenheim)","30.150","11.500 (1. Juli 2025)[1]",30150,11500,"1. Juli 1899","1","07","1899","1899-07-1",1899-07-01,119,277,"08","Baden-Württemberg","Rhein-Neckar","Rhein-Neckar",114790,37163,0,21559,7620,16303,32.3747713215437,18.7812527223626,6.63820890321457,14.2024566599878,"DEBKGNU5000000B7",2021-10-04,9,2,"DE12","Karlsruhe",3.85,43500,c(488542.837933654, 5458380.51027369)
"67",67,"TSV 1860 München","München","https://de.wikipedia.org/wiki/TSV%201860%20M%C3%BCnchen","TSV 1860 München , München","17. Mai 1860","15.000","27.000 (Stand: 12. Juni 2024)[1]",15000,27000,"17. Mai 1860","17","05","1860","1860-05-17",1860-05-17,158,219,"09","Bayern","München-Süd","München-Süd",97589,27052,27052,16873,9256,9302,27.7203373331011,17.2898584881493,9.48467552695488,9.53181198700673,"DEBKGNU5000000BA",2021-10-04,9,2,"DE21","Oberbayern",2.8,57900,c(690935.384218673, 5330695.48472042)
"68",68,"VfB Lübeck","Lübeck","https://de.wikipedia.org/wiki/VfB%20L%C3%BCbeck","VfB Lübeck , Lübeck","28. August 1919[1]","10.434","1.819 (Stand: 4. Juli 2025)[2]",10434,1819,"28. August 1919[1]","28","08","1919","1919-08-28",1919-08-28,99,11,"01","Schleswig-Holstein","Lübeck","Lübeck",97178,27511,0,25353,9508,9407,28.3099055341744,26.0892383049661,9.78410751404639,9.68017452509827,"DEBKGNU5000000C6",2021-10-04,9,2,"DEF0","Schleswig-Holstein",4.475,32100,c(610782.137124663, 5969977.9207998)
"69",69,"VfB Oldenburg","Oldenburg","https://de.wikipedia.org/wiki/VfB%20Oldenburg","VfB Oldenburg , Oldenburg","17. Oktober 1897","15.200","665[1]",15200,665,"17. Oktober 1897","17","10","1897","1897-10-17",1897-10-17,121,27,"03","Niedersachsen","Oldenburg – Ammerland","Oldenburg  Ammerland",134877,40207,0,35923,13149,10351,29.8101232975229,26.6338960682696,9.74888231499811,7.67439963818887,"DEBKGNU5000000BS",2021-10-04,9,2,"DE94","Weser-Ems",4.16666666666667,34800,c(448944.604238083, 5888629.11696573)
"70",70,"VfB Stuttgart","Stuttgart","https://de.wikipedia.org/wiki/VfB%20Stuttgart","VfB Stuttgart , Stuttgart","9. September 1893 (FV Stuttgart)September 1897 (Kronenklub Cannstatt)2. April 1912 (Fusion zum VfB Stuttgart)","60.058","126.000 (Stand: 1. Juli 2025)[1]",60058,126000,"9. September 1893","9","09","1893","1893-09-9",1893-09-09,125,259,"08","Baden-Württemberg","Stuttgart II","Stuttgart II",94824,26057,0,17033,9324,11187,27.4793301273939,17.9627520458956,9.832953682612,11.7976461655277,"DEBKGNU5000000B6",2021-10-04,9,2,"DE11","Stuttgart",3.525,51800,c(515995.538358058, 5405482.90369696)
"71",71,"VfL Bochum","Bochum","https://de.wikipedia.org/wiki/VfL%20Bochum","VfL Bochum , Bochum","29. Juli 1949","26.000","32.000 (Stand: 1. Juli 2025)[1]",26000,32000,"29. Juli 1949","29","07","1949","1949-07-29",1949-07-29,69,140,"05","Nordrhein-Westfalen","Bochum I","Bochum I",104710,24368,0,31203,11609,11352,23.2718938019291,29.7994460891987,11.0868111928183,10.8413714067424,"DEBKGNU5000000BX",2021-10-04,9,2,"DEA5","Arnsberg",5.675,33900,c(377614.160718129, 5705929.16797232)
"72",72,"VfL Borussia Mönchengladbach","Mönchengladbach","https://de.wikipedia.org/wiki/Borussia%20M%C3%B6nchengladbach","VfL Borussia Mönchengladbach , Mönchengladbach","1. August 1900(als FK Borussia 1900)","54.042[2](max. Kapazität: 59.724)","106.500 (Stand: 1. Juli 2025)[1]",54042,106500,"1. August 1900","1","08","1900","1900-08-1",1900-08-01,118,109,"05","Nordrhein-Westfalen","Mönchengladbach","Mönchengladbach",98841,33382,0,24223,7717,10274,33.7734341012333,24.5070365536569,7.80748879513562,10.3944719296648,"DEBKGNU5000000BT",2021-10-04,9,2,"DEA1","Düsseldorf",5.175,40400,c(320808.644596637, 5674604.24310339)
"73",73,"VfL Osnabrück","Osnabrück","https://de.wikipedia.org/wiki/VfL%20Osnabr%C3%BCck","VfL Osnabrück , Osnabrück","17. April 1899 (als FC 1899 Osnabrück)","15.741 (max. Kapazität: 16.098)","8785 (Stand: 1. Januar 2025)[1]",15741,8785,"17. April 1899","17","04","1899","1899-04-17",1899-04-17,119,39,"03","Niedersachsen","Stadt Osnabrück","Stadt Osnabrück",115289,39790,0,29606,10103,7947,34.5132666603058,25.6798133386533,8.76319510100704,6.89311209222042,"DEBKGNU5000000BS",2021-10-04,9,2,"DE94","Weser-Ems",4.16666666666667,34800,c(436607.36342388, 5792627.03744451)
"74",74,"VfL Wolfsburg","Wolfsburg","https://de.wikipedia.org/wiki/VfL%20Wolfsburg","VfL Wolfsburg , Wolfsburg","12. September 1945(VfL Wolfsburg e. V.)16. Januar 2001(VfL Wolfsburg-Fußball GmbH)","28.917",NA,28917,NA,"12. September 1945","12","09","1945","1945-09-12",1945-09-12,73,51,"03","Niedersachsen","Helmstedt – Wolfsburg","Helmstedt  Wolfsburg",104670,34840,0,31827,7294,12294,33.2855641540078,30.4069934078533,6.96856788000382,11.7454858125537,"DEBKGNU5000000BP",2021-10-04,9,2,"DE91","Braunschweig",5.775,46500,c(622832.042384891, 5810900.74027588)
"75",75,"VfR Aalen","Aalen","https://de.wikipedia.org/wiki/VfR%20Aalen","VfR Aalen , Aalen","8. März 1921","14.500","1.100 (Stand: April 2021)[1]",14500,1100,"8. März 1921","8","03","1921","1921-03-8",1921-03-08,97,270,"08","Baden-Württemberg","Aalen – Heidenheim","Aalen  Heidenheim",127561,47945,0,24230,7315,16499,37.585939276111,18.9948338442,5.7345113318334,12.9342040278769,"DEBKGNU5000000B6",2021-10-04,9,2,"DE11","Stuttgart",3.525,51800,c(578750.369103858, 5410236.34032853)
"76",76,"Werder Bremen","Bremen","https://de.wikipedia.org/wiki/Werder%20Bremen","Werder Bremen , Bremen","4. Februar 1899(als Fußball-Verein „Werder“ von 1899)","42.100","62.500 (Stand: 1. Juli 2025)[1]",42100,62500,"4. Februar 1899","4","02","1899","1899-02-4",1899-02-04,119,54,"04","Bremen","Bremen I","Bremen I",133955,32740,0,33748,19873,12519,24.4410436340562,25.1935351423986,14.8355791123885,9.34567578664477,"DEBKGNU5000000BJ",2021-10-04,9,2,"DE50","Bremen",4.35,47600,c(489382.979539417, 5880262.072998)
"77",77,"Werder Bremen II","Bremen","https://de.wikipedia.org/wiki/Werder%20Bremen","Werder Bremen II , Bremen","4. Februar 1899(als Fußball-Verein „Werder“ von 1899)","42.100","62.500 (Stand: 1. Juli 2025)[1]",42100,62500,"4. Februar 1899","4","02","1899","1899-02-4",1899-02-04,119,54,"04","Bremen","Bremen I","Bremen I",133955,32740,0,33748,19873,12519,24.4410436340562,25.1935351423986,14.8355791123885,9.34567578664477,"DEBKGNU5000000BJ",2021-10-04,9,2,"DE50","Bremen",4.35,47600,c(489382.979539417, 5880262.072998)
"78",78,"Wuppertaler SV","Wuppertal","https://de.wikipedia.org/wiki/Wuppertaler%20SV","Wuppertaler SV , Wuppertal","8. Juli 1954","23.067[1]","1700 (Stand: 2017)",23067,1700,"8. Juli 1954","8","07","1954","1954-07-8",1954-07-08,64,54,"04","Bremen","Bremen I","Bremen I",133955,32740,0,33748,19873,12519,24.4410436340562,25.1935351423986,14.8355791123885,9.34567578664477,"DEBKGNU5000000BJ",2021-10-04,9,2,"DE50","Bremen",4.35,47600,c(490105.736384895, 5878701.39837112)
"79",79,"Würzburger Kickers","Würzburg","https://de.wikipedia.org/wiki/W%C3%BCrzburger%20Kickers","Würzburger Kickers , Würzburg","17. November 1907","13.090[3]","1400 (Stand: 1. Juli 2020)[2]",13090,1400,"17. November 1907","17","11","1907","1907-11-17",1907-11-17,111,54,"04","Bremen","Bremen I","Bremen I",133955,32740,0,33748,19873,12519,24.4410436340562,25.1935351423986,14.8355791123885,9.34567578664477,"DEBKGNU5000000BJ",2021-10-04,9,2,"DE50","Bremen",4.35,47600,c(490105.736384895, 5878701.39837112)
